"10540: Registrerte arbeidsledige (prosent), etter region, alder, måned og statistikkvariabel"

"region";"alder";"måned";"Registrert helt arbeidsledige"
"1101 Eigersund";"15-74 år";"1999M01";1.5
"1101 Eigersund";"15-74 år";"1999M02";1.5
"1101 Eigersund";"15-74 år";"1999M03";1.3
"1101 Eigersund";"15-74 år";"1999M04";1.8
"1101 Eigersund";"15-74 år";"1999M05";1.3
"1101 Eigersund";"15-74 år";"1999M06";1.4
"1101 Eigersund";"15-74 år";"1999M07";2.0
"1101 Eigersund";"15-74 år";"1999M08";2.4
"1101 Eigersund";"15-74 år";"1999M09";1.9
"1101 Eigersund";"15-74 år";"1999M10";1.6
"1101 Eigersund";"15-74 år";"1999M11";1.5
"1101 Eigersund";"15-74 år";"1999M12";1.6
"1101 Eigersund";"15-74 år";"2000M01";2.1
"1101 Eigersund";"15-74 år";"2000M02";1.9
"1101 Eigersund";"15-74 år";"2000M03";2.0
"1101 Eigersund";"15-74 år";"2000M04";2.7
"1101 Eigersund";"15-74 år";"2000M05";2.6
"1101 Eigersund";"15-74 år";"2000M06";3.3
"1101 Eigersund";"15-74 år";"2000M07";4.9
"1101 Eigersund";"15-74 år";"2000M08";3.7
"1101 Eigersund";"15-74 år";"2000M09";3.1
"1101 Eigersund";"15-74 år";"2000M10";2.6
"1101 Eigersund";"15-74 år";"2000M11";2.6
"1101 Eigersund";"15-74 år";"2000M12";3.0
"1101 Eigersund";"15-74 år";"2001M01";2.8
"1101 Eigersund";"15-74 år";"2001M02";2.6
"1101 Eigersund";"15-74 år";"2001M03";2.6
"1101 Eigersund";"15-74 år";"2001M04";2.7
"1101 Eigersund";"15-74 år";"2001M05";2.3
"1101 Eigersund";"15-74 år";"2001M06";2.1
"1101 Eigersund";"15-74 år";"2001M07";2.7
"1101 Eigersund";"15-74 år";"2001M08";2.6
"1101 Eigersund";"15-74 år";"2001M09";2.2
"1101 Eigersund";"15-74 år";"2001M10";2.0
"1101 Eigersund";"15-74 år";"2001M11";2.0
"1101 Eigersund";"15-74 år";"2001M12";2.1
"1101 Eigersund";"15-74 år";"2002M01";2.3
"1101 Eigersund";"15-74 år";"2002M02";2.2
"1101 Eigersund";"15-74 år";"2002M03";2.1
"1101 Eigersund";"15-74 år";"2002M04";2.3
"1101 Eigersund";"15-74 år";"2002M05";2.0
"1101 Eigersund";"15-74 år";"2002M06";1.7
"1101 Eigersund";"15-74 år";"2002M07";2.4
"1101 Eigersund";"15-74 år";"2002M08";2.4
"1101 Eigersund";"15-74 år";"2002M09";2.1
"1101 Eigersund";"15-74 år";"2002M10";2.1
"1101 Eigersund";"15-74 år";"2002M11";3.0
"1101 Eigersund";"15-74 år";"2002M12";2.9
"1102 Sandnes (-2019)";"15-74 år";"1999M01";2.2
"1102 Sandnes (-2019)";"15-74 år";"1999M02";2.2
"1102 Sandnes (-2019)";"15-74 år";"1999M03";2.2
"1102 Sandnes (-2019)";"15-74 år";"1999M04";2.1
"1102 Sandnes (-2019)";"15-74 år";"1999M05";2.0
"1102 Sandnes (-2019)";"15-74 år";"1999M06";2.3
"1102 Sandnes (-2019)";"15-74 år";"1999M07";2.7
"1102 Sandnes (-2019)";"15-74 år";"1999M08";2.7
"1102 Sandnes (-2019)";"15-74 år";"1999M09";2.4
"1102 Sandnes (-2019)";"15-74 år";"1999M10";2.4
"1102 Sandnes (-2019)";"15-74 år";"1999M11";2.5
"1102 Sandnes (-2019)";"15-74 år";"1999M12";2.4
"1102 Sandnes (-2019)";"15-74 år";"2000M01";2.9
"1102 Sandnes (-2019)";"15-74 år";"2000M02";2.7
"1102 Sandnes (-2019)";"15-74 år";"2000M03";2.6
"1102 Sandnes (-2019)";"15-74 år";"2000M04";2.7
"1102 Sandnes (-2019)";"15-74 år";"2000M05";2.8
"1102 Sandnes (-2019)";"15-74 år";"2000M06";2.8
"1102 Sandnes (-2019)";"15-74 år";"2000M07";3.1
"1102 Sandnes (-2019)";"15-74 år";"2000M08";3.2
"1102 Sandnes (-2019)";"15-74 år";"2000M09";3.1
"1102 Sandnes (-2019)";"15-74 år";"2000M10";3.1
"1102 Sandnes (-2019)";"15-74 år";"2000M11";3.2
"1102 Sandnes (-2019)";"15-74 år";"2000M12";3.3
"1102 Sandnes (-2019)";"15-74 år";"2001M01";3.3
"1102 Sandnes (-2019)";"15-74 år";"2001M02";3.1
"1102 Sandnes (-2019)";"15-74 år";"2001M03";3.1
"1102 Sandnes (-2019)";"15-74 år";"2001M04";2.8
"1102 Sandnes (-2019)";"15-74 år";"2001M05";2.6
"1102 Sandnes (-2019)";"15-74 år";"2001M06";2.6
"1102 Sandnes (-2019)";"15-74 år";"2001M07";2.7
"1102 Sandnes (-2019)";"15-74 år";"2001M08";2.9
"1102 Sandnes (-2019)";"15-74 år";"2001M09";2.8
"1102 Sandnes (-2019)";"15-74 år";"2001M10";2.9
"1102 Sandnes (-2019)";"15-74 år";"2001M11";3.0
"1102 Sandnes (-2019)";"15-74 år";"2001M12";3.0
"1102 Sandnes (-2019)";"15-74 år";"2002M01";3.5
"1102 Sandnes (-2019)";"15-74 år";"2002M02";3.1
"1102 Sandnes (-2019)";"15-74 år";"2002M03";3.1
"1102 Sandnes (-2019)";"15-74 år";"2002M04";3.0
"1102 Sandnes (-2019)";"15-74 år";"2002M05";2.9
"1102 Sandnes (-2019)";"15-74 år";"2002M06";2.9
"1102 Sandnes (-2019)";"15-74 år";"2002M07";3.3
"1102 Sandnes (-2019)";"15-74 år";"2002M08";3.4
"1102 Sandnes (-2019)";"15-74 år";"2002M09";3.2
"1102 Sandnes (-2019)";"15-74 år";"2002M10";3.3
"1102 Sandnes (-2019)";"15-74 år";"2002M11";3.2
"1102 Sandnes (-2019)";"15-74 år";"2002M12";3.3
"1103 Stavanger";"15-74 år";"1999M01";2.6
"1103 Stavanger";"15-74 år";"1999M02";2.5
"1103 Stavanger";"15-74 år";"1999M03";2.6
"1103 Stavanger";"15-74 år";"1999M04";2.5
"1103 Stavanger";"15-74 år";"1999M05";2.3
"1103 Stavanger";"15-74 år";"1999M06";2.6
"1103 Stavanger";"15-74 år";"1999M07";3.0
"1103 Stavanger";"15-74 år";"1999M08";3.2
"1103 Stavanger";"15-74 år";"1999M09";2.9
"1103 Stavanger";"15-74 år";"1999M10";3.0
"1103 Stavanger";"15-74 år";"1999M11";2.9
"1103 Stavanger";"15-74 år";"1999M12";3.0
"1103 Stavanger";"15-74 år";"2000M01";3.4
"1103 Stavanger";"15-74 år";"2000M02";3.2
"1103 Stavanger";"15-74 år";"2000M03";3.3
"1103 Stavanger";"15-74 år";"2000M04";3.5
"1103 Stavanger";"15-74 år";"2000M05";3.6
"1103 Stavanger";"15-74 år";"2000M06";3.9
"1103 Stavanger";"15-74 år";"2000M07";4.1
"1103 Stavanger";"15-74 år";"2000M08";4.2
"1103 Stavanger";"15-74 år";"2000M09";4.0
"1103 Stavanger";"15-74 år";"2000M10";4.0
"1103 Stavanger";"15-74 år";"2000M11";3.8
"1103 Stavanger";"15-74 år";"2000M12";3.9
"1103 Stavanger";"15-74 år";"2001M01";4.1
"1103 Stavanger";"15-74 år";"2001M02";3.7
"1103 Stavanger";"15-74 år";"2001M03";3.5
"1103 Stavanger";"15-74 år";"2001M04";3.3
"1103 Stavanger";"15-74 år";"2001M05";3.1
"1103 Stavanger";"15-74 år";"2001M06";3.2
"1103 Stavanger";"15-74 år";"2001M07";3.5
"1103 Stavanger";"15-74 år";"2001M08";3.7
"1103 Stavanger";"15-74 år";"2001M09";3.7
"1103 Stavanger";"15-74 år";"2001M10";3.6
"1103 Stavanger";"15-74 år";"2001M11";3.6
"1103 Stavanger";"15-74 år";"2001M12";3.7
"1103 Stavanger";"15-74 år";"2002M01";4.1
"1103 Stavanger";"15-74 år";"2002M02";3.8
"1103 Stavanger";"15-74 år";"2002M03";3.8
"1103 Stavanger";"15-74 år";"2002M04";3.8
"1103 Stavanger";"15-74 år";"2002M05";3.7
"1103 Stavanger";"15-74 år";"2002M06";3.9
"1103 Stavanger";"15-74 år";"2002M07";4.3
"1103 Stavanger";"15-74 år";"2002M08";4.4
"1103 Stavanger";"15-74 år";"2002M09";4.1
"1103 Stavanger";"15-74 år";"2002M10";4.2
"1103 Stavanger";"15-74 år";"2002M11";4.2
"1103 Stavanger";"15-74 år";"2002M12";4.2
"1106 Haugesund";"15-74 år";"1999M01";2.5
"1106 Haugesund";"15-74 år";"1999M02";2.6
"1106 Haugesund";"15-74 år";"1999M03";2.4
"1106 Haugesund";"15-74 år";"1999M04";2.5
"1106 Haugesund";"15-74 år";"1999M05";2.2
"1106 Haugesund";"15-74 år";"1999M06";2.6
"1106 Haugesund";"15-74 år";"1999M07";3.2
"1106 Haugesund";"15-74 år";"1999M08";3.9
"1106 Haugesund";"15-74 år";"1999M09";4.0
"1106 Haugesund";"15-74 år";"1999M10";4.1
"1106 Haugesund";"15-74 år";"1999M11";3.9
"1106 Haugesund";"15-74 år";"1999M12";4.1
"1106 Haugesund";"15-74 år";"2000M01";5.2
"1106 Haugesund";"15-74 år";"2000M02";4.9
"1106 Haugesund";"15-74 år";"2000M03";4.8
"1106 Haugesund";"15-74 år";"2000M04";4.1
"1106 Haugesund";"15-74 år";"2000M05";4.6
"1106 Haugesund";"15-74 år";"2000M06";4.5
"1106 Haugesund";"15-74 år";"2000M07";5.1
"1106 Haugesund";"15-74 år";"2000M08";5.0
"1106 Haugesund";"15-74 år";"2000M09";4.7
"1106 Haugesund";"15-74 år";"2000M10";4.9
"1106 Haugesund";"15-74 år";"2000M11";5.0
"1106 Haugesund";"15-74 år";"2000M12";5.1
"1106 Haugesund";"15-74 år";"2001M01";5.5
"1106 Haugesund";"15-74 år";"2001M02";4.9
"1106 Haugesund";"15-74 år";"2001M03";4.6
"1106 Haugesund";"15-74 år";"2001M04";4.1
"1106 Haugesund";"15-74 år";"2001M05";4.0
"1106 Haugesund";"15-74 år";"2001M06";4.4
"1106 Haugesund";"15-74 år";"2001M07";4.7
"1106 Haugesund";"15-74 år";"2001M08";4.8
"1106 Haugesund";"15-74 år";"2001M09";4.5
"1106 Haugesund";"15-74 år";"2001M10";4.4
"1106 Haugesund";"15-74 år";"2001M11";4.4
"1106 Haugesund";"15-74 år";"2001M12";4.4
"1106 Haugesund";"15-74 år";"2002M01";4.9
"1106 Haugesund";"15-74 år";"2002M02";4.6
"1106 Haugesund";"15-74 år";"2002M03";4.7
"1106 Haugesund";"15-74 år";"2002M04";4.4
"1106 Haugesund";"15-74 år";"2002M05";4.3
"1106 Haugesund";"15-74 år";"2002M06";4.4
"1106 Haugesund";"15-74 år";"2002M07";4.9
"1106 Haugesund";"15-74 år";"2002M08";4.6
"1106 Haugesund";"15-74 år";"2002M09";4.4
"1106 Haugesund";"15-74 år";"2002M10";4.2
"1106 Haugesund";"15-74 år";"2002M11";4.3
"1106 Haugesund";"15-74 år";"2002M12";4.3
"1108 Sandnes";"15-74 år";"1999M01";.
"1108 Sandnes";"15-74 år";"1999M02";.
"1108 Sandnes";"15-74 år";"1999M03";.
"1108 Sandnes";"15-74 år";"1999M04";.
"1108 Sandnes";"15-74 år";"1999M05";.
"1108 Sandnes";"15-74 år";"1999M06";.
"1108 Sandnes";"15-74 år";"1999M07";.
"1108 Sandnes";"15-74 år";"1999M08";.
"1108 Sandnes";"15-74 år";"1999M09";.
"1108 Sandnes";"15-74 år";"1999M10";.
"1108 Sandnes";"15-74 år";"1999M11";.
"1108 Sandnes";"15-74 år";"1999M12";.
"1108 Sandnes";"15-74 år";"2000M01";.
"1108 Sandnes";"15-74 år";"2000M02";.
"1108 Sandnes";"15-74 år";"2000M03";.
"1108 Sandnes";"15-74 år";"2000M04";.
"1108 Sandnes";"15-74 år";"2000M05";.
"1108 Sandnes";"15-74 år";"2000M06";.
"1108 Sandnes";"15-74 år";"2000M07";.
"1108 Sandnes";"15-74 år";"2000M08";.
"1108 Sandnes";"15-74 år";"2000M09";.
"1108 Sandnes";"15-74 år";"2000M10";.
"1108 Sandnes";"15-74 år";"2000M11";.
"1108 Sandnes";"15-74 år";"2000M12";.
"1108 Sandnes";"15-74 år";"2001M01";.
"1108 Sandnes";"15-74 år";"2001M02";.
"1108 Sandnes";"15-74 år";"2001M03";.
"1108 Sandnes";"15-74 år";"2001M04";.
"1108 Sandnes";"15-74 år";"2001M05";.
"1108 Sandnes";"15-74 år";"2001M06";.
"1108 Sandnes";"15-74 år";"2001M07";.
"1108 Sandnes";"15-74 år";"2001M08";.
"1108 Sandnes";"15-74 år";"2001M09";.
"1108 Sandnes";"15-74 år";"2001M10";.
"1108 Sandnes";"15-74 år";"2001M11";.
"1108 Sandnes";"15-74 år";"2001M12";.
"1108 Sandnes";"15-74 år";"2002M01";.
"1108 Sandnes";"15-74 år";"2002M02";.
"1108 Sandnes";"15-74 år";"2002M03";.
"1108 Sandnes";"15-74 år";"2002M04";.
"1108 Sandnes";"15-74 år";"2002M05";.
"1108 Sandnes";"15-74 år";"2002M06";.
"1108 Sandnes";"15-74 år";"2002M07";.
"1108 Sandnes";"15-74 år";"2002M08";.
"1108 Sandnes";"15-74 år";"2002M09";.
"1108 Sandnes";"15-74 år";"2002M10";.
"1108 Sandnes";"15-74 år";"2002M11";.
"1108 Sandnes";"15-74 år";"2002M12";.
"1111 Sokndal";"15-74 år";"1999M01";2.7
"1111 Sokndal";"15-74 år";"1999M02";2.2
"1111 Sokndal";"15-74 år";"1999M03";2.6
"1111 Sokndal";"15-74 år";"1999M04";2.1
"1111 Sokndal";"15-74 år";"1999M05";1.6
"1111 Sokndal";"15-74 år";"1999M06";2.0
"1111 Sokndal";"15-74 år";"1999M07";2.3
"1111 Sokndal";"15-74 år";"1999M08";2.4
"1111 Sokndal";"15-74 år";"1999M09";1.9
"1111 Sokndal";"15-74 år";"1999M10";2.0
"1111 Sokndal";"15-74 år";"1999M11";2.0
"1111 Sokndal";"15-74 år";"1999M12";2.0
"1111 Sokndal";"15-74 år";"2000M01";2.8
"1111 Sokndal";"15-74 år";"2000M02";3.7
"1111 Sokndal";"15-74 år";"2000M03";3.3
"1111 Sokndal";"15-74 år";"2000M04";2.7
"1111 Sokndal";"15-74 år";"2000M05";2.4
"1111 Sokndal";"15-74 år";"2000M06";3.7
"1111 Sokndal";"15-74 år";"2000M07";4.4
"1111 Sokndal";"15-74 år";"2000M08";4.4
"1111 Sokndal";"15-74 år";"2000M09";4.4
"1111 Sokndal";"15-74 år";"2000M10";4.3
"1111 Sokndal";"15-74 år";"2000M11";4.4
"1111 Sokndal";"15-74 år";"2000M12";4.5
"1111 Sokndal";"15-74 år";"2001M01";4.3
"1111 Sokndal";"15-74 år";"2001M02";4.1
"1111 Sokndal";"15-74 år";"2001M03";3.9
"1111 Sokndal";"15-74 år";"2001M04";3.7
"1111 Sokndal";"15-74 år";"2001M05";3.5
"1111 Sokndal";"15-74 år";"2001M06";3.3
"1111 Sokndal";"15-74 år";"2001M07";3.0
"1111 Sokndal";"15-74 år";"2001M08";3.2
"1111 Sokndal";"15-74 år";"2001M09";3.4
"1111 Sokndal";"15-74 år";"2001M10";2.8
"1111 Sokndal";"15-74 år";"2001M11";3.3
"1111 Sokndal";"15-74 år";"2001M12";3.9
"1111 Sokndal";"15-74 år";"2002M01";4.5
"1111 Sokndal";"15-74 år";"2002M02";4.2
"1111 Sokndal";"15-74 år";"2002M03";3.7
"1111 Sokndal";"15-74 år";"2002M04";3.0
"1111 Sokndal";"15-74 år";"2002M05";2.7
"1111 Sokndal";"15-74 år";"2002M06";2.7
"1111 Sokndal";"15-74 år";"2002M07";3.7
"1111 Sokndal";"15-74 år";"2002M08";3.4
"1111 Sokndal";"15-74 år";"2002M09";3.0
"1111 Sokndal";"15-74 år";"2002M10";3.4
"1111 Sokndal";"15-74 år";"2002M11";3.9
"1111 Sokndal";"15-74 år";"2002M12";4.1
"1112 Lund";"15-74 år";"1999M01";1.0
"1112 Lund";"15-74 år";"1999M02";1.2
"1112 Lund";"15-74 år";"1999M03";0.8
"1112 Lund";"15-74 år";"1999M04";0.8
"1112 Lund";"15-74 år";"1999M05";0.8
"1112 Lund";"15-74 år";"1999M06";0.9
"1112 Lund";"15-74 år";"1999M07";1.6
"1112 Lund";"15-74 år";"1999M08";1.3
"1112 Lund";"15-74 år";"1999M09";0.9
"1112 Lund";"15-74 år";"1999M10";0.8
"1112 Lund";"15-74 år";"1999M11";1.1
"1112 Lund";"15-74 år";"1999M12";0.9
"1112 Lund";"15-74 år";"2000M01";1.6
"1112 Lund";"15-74 år";"2000M02";1.8
"1112 Lund";"15-74 år";"2000M03";1.6
"1112 Lund";"15-74 år";"2000M04";1.6
"1112 Lund";"15-74 år";"2000M05";1.6
"1112 Lund";"15-74 år";"2000M06";2.0
"1112 Lund";"15-74 år";"2000M07";2.3
"1112 Lund";"15-74 år";"2000M08";1.9
"1112 Lund";"15-74 år";"2000M09";1.5
"1112 Lund";"15-74 år";"2000M10";1.4
"1112 Lund";"15-74 år";"2000M11";1.6
"1112 Lund";"15-74 år";"2000M12";1.8
"1112 Lund";"15-74 år";"2001M01";2.1
"1112 Lund";"15-74 år";"2001M02";1.7
"1112 Lund";"15-74 år";"2001M03";1.5
"1112 Lund";"15-74 år";"2001M04";1.1
"1112 Lund";"15-74 år";"2001M05";1.3
"1112 Lund";"15-74 år";"2001M06";1.5
"1112 Lund";"15-74 år";"2001M07";2.0
"1112 Lund";"15-74 år";"2001M08";1.6
"1112 Lund";"15-74 år";"2001M09";1.8
"1112 Lund";"15-74 år";"2001M10";1.5
"1112 Lund";"15-74 år";"2001M11";2.1
"1112 Lund";"15-74 år";"2001M12";1.9
"1112 Lund";"15-74 år";"2002M01";2.1
"1112 Lund";"15-74 år";"2002M02";1.5
"1112 Lund";"15-74 år";"2002M03";1.7
"1112 Lund";"15-74 år";"2002M04";1.4
"1112 Lund";"15-74 år";"2002M05";1.2
"1112 Lund";"15-74 år";"2002M06";1.1
"1112 Lund";"15-74 år";"2002M07";1.8
"1112 Lund";"15-74 år";"2002M08";1.8
"1112 Lund";"15-74 år";"2002M09";1.8
"1112 Lund";"15-74 år";"2002M10";1.6
"1112 Lund";"15-74 år";"2002M11";1.8
"1112 Lund";"15-74 år";"2002M12";1.5
"1114 Bjerkreim";"15-74 år";"1999M01";0.8
"1114 Bjerkreim";"15-74 år";"1999M02";1.4
"1114 Bjerkreim";"15-74 år";"1999M03";0.8
"1114 Bjerkreim";"15-74 år";"1999M04";1.1
"1114 Bjerkreim";"15-74 år";"1999M05";0.7
"1114 Bjerkreim";"15-74 år";"1999M06";0.8
"1114 Bjerkreim";"15-74 år";"1999M07";0.8
"1114 Bjerkreim";"15-74 år";"1999M08";0.9
"1114 Bjerkreim";"15-74 år";"1999M09";1.0
"1114 Bjerkreim";"15-74 år";"1999M10";0.4
"1114 Bjerkreim";"15-74 år";"1999M11";0.6
"1114 Bjerkreim";"15-74 år";"1999M12";0.9
"1114 Bjerkreim";"15-74 år";"2000M01";1.4
"1114 Bjerkreim";"15-74 år";"2000M02";1.3
"1114 Bjerkreim";"15-74 år";"2000M03";1.0
"1114 Bjerkreim";"15-74 år";"2000M04";1.0
"1114 Bjerkreim";"15-74 år";"2000M05";1.1
"1114 Bjerkreim";"15-74 år";"2000M06";1.7
"1114 Bjerkreim";"15-74 år";"2000M07";1.4
"1114 Bjerkreim";"15-74 år";"2000M08";1.7
"1114 Bjerkreim";"15-74 år";"2000M09";1.5
"1114 Bjerkreim";"15-74 år";"2000M10";1.4
"1114 Bjerkreim";"15-74 år";"2000M11";1.5
"1114 Bjerkreim";"15-74 år";"2000M12";1.4
"1114 Bjerkreim";"15-74 år";"2001M01";1.4
"1114 Bjerkreim";"15-74 år";"2001M02";1.4
"1114 Bjerkreim";"15-74 år";"2001M03";1.1
"1114 Bjerkreim";"15-74 år";"2001M04";1.2
"1114 Bjerkreim";"15-74 år";"2001M05";1.1
"1114 Bjerkreim";"15-74 år";"2001M06";1.3
"1114 Bjerkreim";"15-74 år";"2001M07";1.5
"1114 Bjerkreim";"15-74 år";"2001M08";1.2
"1114 Bjerkreim";"15-74 år";"2001M09";1.3
"1114 Bjerkreim";"15-74 år";"2001M10";1.1
"1114 Bjerkreim";"15-74 år";"2001M11";1.3
"1114 Bjerkreim";"15-74 år";"2001M12";1.2
"1114 Bjerkreim";"15-74 år";"2002M01";1.3
"1114 Bjerkreim";"15-74 år";"2002M02";1.1
"1114 Bjerkreim";"15-74 år";"2002M03";1.2
"1114 Bjerkreim";"15-74 år";"2002M04";1.1
"1114 Bjerkreim";"15-74 år";"2002M05";1.1
"1114 Bjerkreim";"15-74 år";"2002M06";1.1
"1114 Bjerkreim";"15-74 år";"2002M07";1.1
"1114 Bjerkreim";"15-74 år";"2002M08";1.5
"1114 Bjerkreim";"15-74 år";"2002M09";1.2
"1114 Bjerkreim";"15-74 år";"2002M10";1.4
"1114 Bjerkreim";"15-74 år";"2002M11";1.7
"1114 Bjerkreim";"15-74 år";"2002M12";1.8
"1119 Hå";"15-74 år";"1999M01";1.0
"1119 Hå";"15-74 år";"1999M02";0.9
"1119 Hå";"15-74 år";"1999M03";1.0
"1119 Hå";"15-74 år";"1999M04";0.9
"1119 Hå";"15-74 år";"1999M05";0.8
"1119 Hå";"15-74 år";"1999M06";0.9
"1119 Hå";"15-74 år";"1999M07";1.0
"1119 Hå";"15-74 år";"1999M08";1.2
"1119 Hå";"15-74 år";"1999M09";1.1
"1119 Hå";"15-74 år";"1999M10";1.2
"1119 Hå";"15-74 år";"1999M11";1.2
"1119 Hå";"15-74 år";"1999M12";1.3
"1119 Hå";"15-74 år";"2000M01";1.5
"1119 Hå";"15-74 år";"2000M02";1.4
"1119 Hå";"15-74 år";"2000M03";1.3
"1119 Hå";"15-74 år";"2000M04";1.4
"1119 Hå";"15-74 år";"2000M05";1.3
"1119 Hå";"15-74 år";"2000M06";1.7
"1119 Hå";"15-74 år";"2000M07";1.8
"1119 Hå";"15-74 år";"2000M08";1.8
"1119 Hå";"15-74 år";"2000M09";1.9
"1119 Hå";"15-74 år";"2000M10";2.4
"1119 Hå";"15-74 år";"2000M11";2.3
"1119 Hå";"15-74 år";"2000M12";2.1
"1119 Hå";"15-74 år";"2001M01";2.0
"1119 Hå";"15-74 år";"2001M02";1.6
"1119 Hå";"15-74 år";"2001M03";1.7
"1119 Hå";"15-74 år";"2001M04";1.4
"1119 Hå";"15-74 år";"2001M05";1.3
"1119 Hå";"15-74 år";"2001M06";1.2
"1119 Hå";"15-74 år";"2001M07";1.4
"1119 Hå";"15-74 år";"2001M08";1.4
"1119 Hå";"15-74 år";"2001M09";1.3
"1119 Hå";"15-74 år";"2001M10";1.2
"1119 Hå";"15-74 år";"2001M11";1.3
"1119 Hå";"15-74 år";"2001M12";1.3
"1119 Hå";"15-74 år";"2002M01";1.7
"1119 Hå";"15-74 år";"2002M02";1.5
"1119 Hå";"15-74 år";"2002M03";1.4
"1119 Hå";"15-74 år";"2002M04";1.4
"1119 Hå";"15-74 år";"2002M05";1.2
"1119 Hå";"15-74 år";"2002M06";1.3
"1119 Hå";"15-74 år";"2002M07";1.6
"1119 Hå";"15-74 år";"2002M08";1.7
"1119 Hå";"15-74 år";"2002M09";1.8
"1119 Hå";"15-74 år";"2002M10";1.7
"1119 Hå";"15-74 år";"2002M11";1.4
"1119 Hå";"15-74 år";"2002M12";1.6
"1120 Klepp";"15-74 år";"1999M01";1.3
"1120 Klepp";"15-74 år";"1999M02";1.3
"1120 Klepp";"15-74 år";"1999M03";1.0
"1120 Klepp";"15-74 år";"1999M04";1.2
"1120 Klepp";"15-74 år";"1999M05";1.1
"1120 Klepp";"15-74 år";"1999M06";1.2
"1120 Klepp";"15-74 år";"1999M07";1.5
"1120 Klepp";"15-74 år";"1999M08";1.3
"1120 Klepp";"15-74 år";"1999M09";1.2
"1120 Klepp";"15-74 år";"1999M10";1.3
"1120 Klepp";"15-74 år";"1999M11";1.3
"1120 Klepp";"15-74 år";"1999M12";1.4
"1120 Klepp";"15-74 år";"2000M01";1.7
"1120 Klepp";"15-74 år";"2000M02";1.7
"1120 Klepp";"15-74 år";"2000M03";1.6
"1120 Klepp";"15-74 år";"2000M04";1.4
"1120 Klepp";"15-74 år";"2000M05";1.5
"1120 Klepp";"15-74 år";"2000M06";1.8
"1120 Klepp";"15-74 år";"2000M07";1.7
"1120 Klepp";"15-74 år";"2000M08";2.0
"1120 Klepp";"15-74 år";"2000M09";1.9
"1120 Klepp";"15-74 år";"2000M10";2.0
"1120 Klepp";"15-74 år";"2000M11";3.7
"1120 Klepp";"15-74 år";"2000M12";3.2
"1120 Klepp";"15-74 år";"2001M01";2.4
"1120 Klepp";"15-74 år";"2001M02";2.0
"1120 Klepp";"15-74 år";"2001M03";1.9
"1120 Klepp";"15-74 år";"2001M04";1.5
"1120 Klepp";"15-74 år";"2001M05";1.4
"1120 Klepp";"15-74 år";"2001M06";1.4
"1120 Klepp";"15-74 år";"2001M07";1.7
"1120 Klepp";"15-74 år";"2001M08";1.8
"1120 Klepp";"15-74 år";"2001M09";1.6
"1120 Klepp";"15-74 år";"2001M10";1.7
"1120 Klepp";"15-74 år";"2001M11";2.0
"1120 Klepp";"15-74 år";"2001M12";2.0
"1120 Klepp";"15-74 år";"2002M01";2.3
"1120 Klepp";"15-74 år";"2002M02";2.1
"1120 Klepp";"15-74 år";"2002M03";2.2
"1120 Klepp";"15-74 år";"2002M04";2.0
"1120 Klepp";"15-74 år";"2002M05";1.8
"1120 Klepp";"15-74 år";"2002M06";1.9
"1120 Klepp";"15-74 år";"2002M07";2.1
"1120 Klepp";"15-74 år";"2002M08";2.1
"1120 Klepp";"15-74 år";"2002M09";2.1
"1120 Klepp";"15-74 år";"2002M10";2.0
"1120 Klepp";"15-74 år";"2002M11";1.9
"1120 Klepp";"15-74 år";"2002M12";2.0
"1121 Time";"15-74 år";"1999M01";1.3
"1121 Time";"15-74 år";"1999M02";1.3
"1121 Time";"15-74 år";"1999M03";1.3
"1121 Time";"15-74 år";"1999M04";1.2
"1121 Time";"15-74 år";"1999M05";1.0
"1121 Time";"15-74 år";"1999M06";1.3
"1121 Time";"15-74 år";"1999M07";1.6
"1121 Time";"15-74 år";"1999M08";1.6
"1121 Time";"15-74 år";"1999M09";1.3
"1121 Time";"15-74 år";"1999M10";1.3
"1121 Time";"15-74 år";"1999M11";1.3
"1121 Time";"15-74 år";"1999M12";1.3
"1121 Time";"15-74 år";"2000M01";1.8
"1121 Time";"15-74 år";"2000M02";1.6
"1121 Time";"15-74 år";"2000M03";1.6
"1121 Time";"15-74 år";"2000M04";1.5
"1121 Time";"15-74 år";"2000M05";1.6
"1121 Time";"15-74 år";"2000M06";1.6
"1121 Time";"15-74 år";"2000M07";2.3
"1121 Time";"15-74 år";"2000M08";2.2
"1121 Time";"15-74 år";"2000M09";2.0
"1121 Time";"15-74 år";"2000M10";2.0
"1121 Time";"15-74 år";"2000M11";4.8
"1121 Time";"15-74 år";"2000M12";4.0
"1121 Time";"15-74 år";"2001M01";2.1
"1121 Time";"15-74 år";"2001M02";1.9
"1121 Time";"15-74 år";"2001M03";1.8
"1121 Time";"15-74 år";"2001M04";1.3
"1121 Time";"15-74 år";"2001M05";1.2
"1121 Time";"15-74 år";"2001M06";1.2
"1121 Time";"15-74 år";"2001M07";1.5
"1121 Time";"15-74 år";"2001M08";1.6
"1121 Time";"15-74 år";"2001M09";1.9
"1121 Time";"15-74 år";"2001M10";2.0
"1121 Time";"15-74 år";"2001M11";1.9
"1121 Time";"15-74 år";"2001M12";1.8
"1121 Time";"15-74 år";"2002M01";1.9
"1121 Time";"15-74 år";"2002M02";2.1
"1121 Time";"15-74 år";"2002M03";2.0
"1121 Time";"15-74 år";"2002M04";1.9
"1121 Time";"15-74 år";"2002M05";1.9
"1121 Time";"15-74 år";"2002M06";1.9
"1121 Time";"15-74 år";"2002M07";2.3
"1121 Time";"15-74 år";"2002M08";2.3
"1121 Time";"15-74 år";"2002M09";2.1
"1121 Time";"15-74 år";"2002M10";2.0
"1121 Time";"15-74 år";"2002M11";2.2
"1121 Time";"15-74 år";"2002M12";2.1
"1122 Gjesdal";"15-74 år";"1999M01";1.3
"1122 Gjesdal";"15-74 år";"1999M02";1.2
"1122 Gjesdal";"15-74 år";"1999M03";1.2
"1122 Gjesdal";"15-74 år";"1999M04";1.0
"1122 Gjesdal";"15-74 år";"1999M05";1.4
"1122 Gjesdal";"15-74 år";"1999M06";1.4
"1122 Gjesdal";"15-74 år";"1999M07";1.4
"1122 Gjesdal";"15-74 år";"1999M08";1.5
"1122 Gjesdal";"15-74 år";"1999M09";1.7
"1122 Gjesdal";"15-74 år";"1999M10";1.5
"1122 Gjesdal";"15-74 år";"1999M11";1.3
"1122 Gjesdal";"15-74 år";"1999M12";1.6
"1122 Gjesdal";"15-74 år";"2000M01";2.0
"1122 Gjesdal";"15-74 år";"2000M02";2.0
"1122 Gjesdal";"15-74 år";"2000M03";1.9
"1122 Gjesdal";"15-74 år";"2000M04";2.1
"1122 Gjesdal";"15-74 år";"2000M05";1.8
"1122 Gjesdal";"15-74 år";"2000M06";1.9
"1122 Gjesdal";"15-74 år";"2000M07";2.1
"1122 Gjesdal";"15-74 år";"2000M08";2.2
"1122 Gjesdal";"15-74 år";"2000M09";2.0
"1122 Gjesdal";"15-74 år";"2000M10";2.1
"1122 Gjesdal";"15-74 år";"2000M11";2.7
"1122 Gjesdal";"15-74 år";"2000M12";2.6
"1122 Gjesdal";"15-74 år";"2001M01";2.3
"1122 Gjesdal";"15-74 år";"2001M02";2.0
"1122 Gjesdal";"15-74 år";"2001M03";1.9
"1122 Gjesdal";"15-74 år";"2001M04";1.7
"1122 Gjesdal";"15-74 år";"2001M05";1.5
"1122 Gjesdal";"15-74 år";"2001M06";1.5
"1122 Gjesdal";"15-74 år";"2001M07";1.7
"1122 Gjesdal";"15-74 år";"2001M08";1.9
"1122 Gjesdal";"15-74 år";"2001M09";2.0
"1122 Gjesdal";"15-74 år";"2001M10";2.1
"1122 Gjesdal";"15-74 år";"2001M11";1.7
"1122 Gjesdal";"15-74 år";"2001M12";1.9
"1122 Gjesdal";"15-74 år";"2002M01";2.2
"1122 Gjesdal";"15-74 år";"2002M02";1.9
"1122 Gjesdal";"15-74 år";"2002M03";2.1
"1122 Gjesdal";"15-74 år";"2002M04";2.1
"1122 Gjesdal";"15-74 år";"2002M05";1.8
"1122 Gjesdal";"15-74 år";"2002M06";1.8
"1122 Gjesdal";"15-74 år";"2002M07";2.2
"1122 Gjesdal";"15-74 år";"2002M08";2.2
"1122 Gjesdal";"15-74 år";"2002M09";1.8
"1122 Gjesdal";"15-74 år";"2002M10";2.3
"1122 Gjesdal";"15-74 år";"2002M11";2.5
"1122 Gjesdal";"15-74 år";"2002M12";2.7
"1124 Sola";"15-74 år";"1999M01";1.7
"1124 Sola";"15-74 år";"1999M02";1.6
"1124 Sola";"15-74 år";"1999M03";1.7
"1124 Sola";"15-74 år";"1999M04";1.7
"1124 Sola";"15-74 år";"1999M05";1.5
"1124 Sola";"15-74 år";"1999M06";1.8
"1124 Sola";"15-74 år";"1999M07";2.1
"1124 Sola";"15-74 år";"1999M08";2.1
"1124 Sola";"15-74 år";"1999M09";2.1
"1124 Sola";"15-74 år";"1999M10";2.0
"1124 Sola";"15-74 år";"1999M11";2.0
"1124 Sola";"15-74 år";"1999M12";2.2
"1124 Sola";"15-74 år";"2000M01";2.5
"1124 Sola";"15-74 år";"2000M02";2.4
"1124 Sola";"15-74 år";"2000M03";2.3
"1124 Sola";"15-74 år";"2000M04";2.1
"1124 Sola";"15-74 år";"2000M05";2.1
"1124 Sola";"15-74 år";"2000M06";2.4
"1124 Sola";"15-74 år";"2000M07";2.7
"1124 Sola";"15-74 år";"2000M08";2.5
"1124 Sola";"15-74 år";"2000M09";2.4
"1124 Sola";"15-74 år";"2000M10";2.5
"1124 Sola";"15-74 år";"2000M11";2.4
"1124 Sola";"15-74 år";"2000M12";2.5
"1124 Sola";"15-74 år";"2001M01";2.6
"1124 Sola";"15-74 år";"2001M02";2.5
"1124 Sola";"15-74 år";"2001M03";2.4
"1124 Sola";"15-74 år";"2001M04";2.0
"1124 Sola";"15-74 år";"2001M05";2.0
"1124 Sola";"15-74 år";"2001M06";2.0
"1124 Sola";"15-74 år";"2001M07";2.4
"1124 Sola";"15-74 år";"2001M08";2.5
"1124 Sola";"15-74 år";"2001M09";2.6
"1124 Sola";"15-74 år";"2001M10";2.3
"1124 Sola";"15-74 år";"2001M11";2.3
"1124 Sola";"15-74 år";"2001M12";2.4
"1124 Sola";"15-74 år";"2002M01";2.8
"1124 Sola";"15-74 år";"2002M02";2.8
"1124 Sola";"15-74 år";"2002M03";2.8
"1124 Sola";"15-74 år";"2002M04";2.6
"1124 Sola";"15-74 år";"2002M05";2.6
"1124 Sola";"15-74 år";"2002M06";2.6
"1124 Sola";"15-74 år";"2002M07";3.0
"1124 Sola";"15-74 år";"2002M08";3.3
"1124 Sola";"15-74 år";"2002M09";3.3
"1124 Sola";"15-74 år";"2002M10";3.1
"1124 Sola";"15-74 år";"2002M11";3.3
"1124 Sola";"15-74 år";"2002M12";3.1
"1127 Randaberg";"15-74 år";"1999M01";1.1
"1127 Randaberg";"15-74 år";"1999M02";1.0
"1127 Randaberg";"15-74 år";"1999M03";1.1
"1127 Randaberg";"15-74 år";"1999M04";1.1
"1127 Randaberg";"15-74 år";"1999M05";1.0
"1127 Randaberg";"15-74 år";"1999M06";1.1
"1127 Randaberg";"15-74 år";"1999M07";1.3
"1127 Randaberg";"15-74 år";"1999M08";1.5
"1127 Randaberg";"15-74 år";"1999M09";1.6
"1127 Randaberg";"15-74 år";"1999M10";1.5
"1127 Randaberg";"15-74 år";"1999M11";1.6
"1127 Randaberg";"15-74 år";"1999M12";1.4
"1127 Randaberg";"15-74 år";"2000M01";1.9
"1127 Randaberg";"15-74 år";"2000M02";1.6
"1127 Randaberg";"15-74 år";"2000M03";1.8
"1127 Randaberg";"15-74 år";"2000M04";1.7
"1127 Randaberg";"15-74 år";"2000M05";1.6
"1127 Randaberg";"15-74 år";"2000M06";2.0
"1127 Randaberg";"15-74 år";"2000M07";2.2
"1127 Randaberg";"15-74 år";"2000M08";2.1
"1127 Randaberg";"15-74 år";"2000M09";2.0
"1127 Randaberg";"15-74 år";"2000M10";1.7
"1127 Randaberg";"15-74 år";"2000M11";1.8
"1127 Randaberg";"15-74 år";"2000M12";2.0
"1127 Randaberg";"15-74 år";"2001M01";2.1
"1127 Randaberg";"15-74 år";"2001M02";1.8
"1127 Randaberg";"15-74 år";"2001M03";1.4
"1127 Randaberg";"15-74 år";"2001M04";1.5
"1127 Randaberg";"15-74 år";"2001M05";1.5
"1127 Randaberg";"15-74 år";"2001M06";1.6
"1127 Randaberg";"15-74 år";"2001M07";1.7
"1127 Randaberg";"15-74 år";"2001M08";1.7
"1127 Randaberg";"15-74 år";"2001M09";1.8
"1127 Randaberg";"15-74 år";"2001M10";1.7
"1127 Randaberg";"15-74 år";"2001M11";1.8
"1127 Randaberg";"15-74 år";"2001M12";1.8
"1127 Randaberg";"15-74 år";"2002M01";2.3
"1127 Randaberg";"15-74 år";"2002M02";2.0
"1127 Randaberg";"15-74 år";"2002M03";2.1
"1127 Randaberg";"15-74 år";"2002M04";1.8
"1127 Randaberg";"15-74 år";"2002M05";1.9
"1127 Randaberg";"15-74 år";"2002M06";2.3
"1127 Randaberg";"15-74 år";"2002M07";2.4
"1127 Randaberg";"15-74 år";"2002M08";2.2
"1127 Randaberg";"15-74 år";"2002M09";2.1
"1127 Randaberg";"15-74 år";"2002M10";2.3
"1127 Randaberg";"15-74 år";"2002M11";2.5
"1127 Randaberg";"15-74 år";"2002M12";2.6
"1129 Forsand (-2019)";"15-74 år";"1999M01";1.7
"1129 Forsand (-2019)";"15-74 år";"1999M02";1.3
"1129 Forsand (-2019)";"15-74 år";"1999M03";1.5
"1129 Forsand (-2019)";"15-74 år";"1999M04";1.5
"1129 Forsand (-2019)";"15-74 år";"1999M05";0.8
"1129 Forsand (-2019)";"15-74 år";"1999M06";1.0
"1129 Forsand (-2019)";"15-74 år";"1999M07";0.8
"1129 Forsand (-2019)";"15-74 år";"1999M08";1.0
"1129 Forsand (-2019)";"15-74 år";"1999M09";1.1
"1129 Forsand (-2019)";"15-74 år";"1999M10";1.3
"1129 Forsand (-2019)";"15-74 år";"1999M11";1.1
"1129 Forsand (-2019)";"15-74 år";"1999M12";1.5
"1129 Forsand (-2019)";"15-74 år";"2000M01";1.5
"1129 Forsand (-2019)";"15-74 år";"2000M02";1.1
"1129 Forsand (-2019)";"15-74 år";"2000M03";2.0
"1129 Forsand (-2019)";"15-74 år";"2000M04";1.9
"1129 Forsand (-2019)";"15-74 år";"2000M05";1.5
"1129 Forsand (-2019)";"15-74 år";"2000M06";1.3
"1129 Forsand (-2019)";"15-74 år";"2000M07";1.7
"1129 Forsand (-2019)";"15-74 år";"2000M08";2.4
"1129 Forsand (-2019)";"15-74 år";"2000M09";2.2
"1129 Forsand (-2019)";"15-74 år";"2000M10";2.4
"1129 Forsand (-2019)";"15-74 år";"2000M11";1.9
"1129 Forsand (-2019)";"15-74 år";"2000M12";2.4
"1129 Forsand (-2019)";"15-74 år";"2001M01";1.9
"1129 Forsand (-2019)";"15-74 år";"2001M02";1.7
"1129 Forsand (-2019)";"15-74 år";"2001M03";2.3
"1129 Forsand (-2019)";"15-74 år";"2001M04";1.3
"1129 Forsand (-2019)";"15-74 år";"2001M05";1.9
"1129 Forsand (-2019)";"15-74 år";"2001M06";2.1
"1129 Forsand (-2019)";"15-74 år";"2001M07";2.3
"1129 Forsand (-2019)";"15-74 år";"2001M08";2.4
"1129 Forsand (-2019)";"15-74 år";"2001M09";1.5
"1129 Forsand (-2019)";"15-74 år";"2001M10";1.3
"1129 Forsand (-2019)";"15-74 år";"2001M11";1.3
"1129 Forsand (-2019)";"15-74 år";"2001M12";1.9
"1129 Forsand (-2019)";"15-74 år";"2002M01";1.8
"1129 Forsand (-2019)";"15-74 år";"2002M02";1.8
"1129 Forsand (-2019)";"15-74 år";"2002M03";1.6
"1129 Forsand (-2019)";"15-74 år";"2002M04";1.2
"1129 Forsand (-2019)";"15-74 år";"2002M05";1.8
"1129 Forsand (-2019)";"15-74 år";"2002M06";1.6
"1129 Forsand (-2019)";"15-74 år";"2002M07";1.8
"1129 Forsand (-2019)";"15-74 år";"2002M08";2.1
"1129 Forsand (-2019)";"15-74 år";"2002M09";3.1
"1129 Forsand (-2019)";"15-74 år";"2002M10";2.7
"1129 Forsand (-2019)";"15-74 år";"2002M11";2.5
"1129 Forsand (-2019)";"15-74 år";"2002M12";2.3
"1130 Strand";"15-74 år";"1999M01";1.6
"1130 Strand";"15-74 år";"1999M02";1.8
"1130 Strand";"15-74 år";"1999M03";1.6
"1130 Strand";"15-74 år";"1999M04";1.8
"1130 Strand";"15-74 år";"1999M05";1.4
"1130 Strand";"15-74 år";"1999M06";1.5
"1130 Strand";"15-74 år";"1999M07";2.5
"1130 Strand";"15-74 år";"1999M08";2.2
"1130 Strand";"15-74 år";"1999M09";2.1
"1130 Strand";"15-74 år";"1999M10";2.4
"1130 Strand";"15-74 år";"1999M11";2.1
"1130 Strand";"15-74 år";"1999M12";3.7
"1130 Strand";"15-74 år";"2000M01";3.1
"1130 Strand";"15-74 år";"2000M02";2.8
"1130 Strand";"15-74 år";"2000M03";2.6
"1130 Strand";"15-74 år";"2000M04";2.4
"1130 Strand";"15-74 år";"2000M05";2.6
"1130 Strand";"15-74 år";"2000M06";2.9
"1130 Strand";"15-74 år";"2000M07";3.0
"1130 Strand";"15-74 år";"2000M08";3.0
"1130 Strand";"15-74 år";"2000M09";2.6
"1130 Strand";"15-74 år";"2000M10";3.0
"1130 Strand";"15-74 år";"2000M11";3.0
"1130 Strand";"15-74 år";"2000M12";3.7
"1130 Strand";"15-74 år";"2001M01";3.9
"1130 Strand";"15-74 år";"2001M02";3.5
"1130 Strand";"15-74 år";"2001M03";3.1
"1130 Strand";"15-74 år";"2001M04";2.7
"1130 Strand";"15-74 år";"2001M05";2.0
"1130 Strand";"15-74 år";"2001M06";2.1
"1130 Strand";"15-74 år";"2001M07";2.7
"1130 Strand";"15-74 år";"2001M08";2.8
"1130 Strand";"15-74 år";"2001M09";2.5
"1130 Strand";"15-74 år";"2001M10";2.6
"1130 Strand";"15-74 år";"2001M11";2.8
"1130 Strand";"15-74 år";"2001M12";2.9
"1130 Strand";"15-74 år";"2002M01";3.6
"1130 Strand";"15-74 år";"2002M02";3.7
"1130 Strand";"15-74 år";"2002M03";3.6
"1130 Strand";"15-74 år";"2002M04";3.0
"1130 Strand";"15-74 år";"2002M05";3.0
"1130 Strand";"15-74 år";"2002M06";3.1
"1130 Strand";"15-74 år";"2002M07";3.6
"1130 Strand";"15-74 år";"2002M08";3.5
"1130 Strand";"15-74 år";"2002M09";3.1
"1130 Strand";"15-74 år";"2002M10";3.4
"1130 Strand";"15-74 år";"2002M11";3.8
"1130 Strand";"15-74 år";"2002M12";4.8
"1133 Hjelmeland";"15-74 år";"1999M01";1.0
"1133 Hjelmeland";"15-74 år";"1999M02";1.0
"1133 Hjelmeland";"15-74 år";"1999M03";1.2
"1133 Hjelmeland";"15-74 år";"1999M04";1.0
"1133 Hjelmeland";"15-74 år";"1999M05";0.6
"1133 Hjelmeland";"15-74 år";"1999M06";0.6
"1133 Hjelmeland";"15-74 år";"1999M07";1.2
"1133 Hjelmeland";"15-74 år";"1999M08";1.1
"1133 Hjelmeland";"15-74 år";"1999M09";1.0
"1133 Hjelmeland";"15-74 år";"1999M10";0.9
"1133 Hjelmeland";"15-74 år";"1999M11";0.7
"1133 Hjelmeland";"15-74 år";"1999M12";0.8
"1133 Hjelmeland";"15-74 år";"2000M01";1.9
"1133 Hjelmeland";"15-74 år";"2000M02";1.3
"1133 Hjelmeland";"15-74 år";"2000M03";1.4
"1133 Hjelmeland";"15-74 år";"2000M04";1.5
"1133 Hjelmeland";"15-74 år";"2000M05";1.5
"1133 Hjelmeland";"15-74 år";"2000M06";1.0
"1133 Hjelmeland";"15-74 år";"2000M07";1.7
"1133 Hjelmeland";"15-74 år";"2000M08";1.0
"1133 Hjelmeland";"15-74 år";"2000M09";0.8
"1133 Hjelmeland";"15-74 år";"2000M10";1.0
"1133 Hjelmeland";"15-74 år";"2000M11";1.1
"1133 Hjelmeland";"15-74 år";"2000M12";1.4
"1133 Hjelmeland";"15-74 år";"2001M01";2.0
"1133 Hjelmeland";"15-74 år";"2001M02";1.2
"1133 Hjelmeland";"15-74 år";"2001M03";1.4
"1133 Hjelmeland";"15-74 år";"2001M04";1.2
"1133 Hjelmeland";"15-74 år";"2001M05";0.6
"1133 Hjelmeland";"15-74 år";"2001M06";0.8
"1133 Hjelmeland";"15-74 år";"2001M07";0.8
"1133 Hjelmeland";"15-74 år";"2001M08";0.8
"1133 Hjelmeland";"15-74 år";"2001M09";1.0
"1133 Hjelmeland";"15-74 år";"2001M10";1.0
"1133 Hjelmeland";"15-74 år";"2001M11";1.5
"1133 Hjelmeland";"15-74 år";"2001M12";1.6
"1133 Hjelmeland";"15-74 år";"2002M01";2.5
"1133 Hjelmeland";"15-74 år";"2002M02";1.4
"1133 Hjelmeland";"15-74 år";"2002M03";1.7
"1133 Hjelmeland";"15-74 år";"2002M04";2.0
"1133 Hjelmeland";"15-74 år";"2002M05";2.2
"1133 Hjelmeland";"15-74 år";"2002M06";1.5
"1133 Hjelmeland";"15-74 år";"2002M07";1.3
"1133 Hjelmeland";"15-74 år";"2002M08";1.5
"1133 Hjelmeland";"15-74 år";"2002M09";1.6
"1133 Hjelmeland";"15-74 år";"2002M10";2.8
"1133 Hjelmeland";"15-74 år";"2002M11";1.8
"1133 Hjelmeland";"15-74 år";"2002M12";1.8
"1134 Suldal";"15-74 år";"1999M01";1.9
"1134 Suldal";"15-74 år";"1999M02";1.4
"1134 Suldal";"15-74 år";"1999M03";1.3
"1134 Suldal";"15-74 år";"1999M04";1.1
"1134 Suldal";"15-74 år";"1999M05";0.9
"1134 Suldal";"15-74 år";"1999M06";1.1
"1134 Suldal";"15-74 år";"1999M07";1.1
"1134 Suldal";"15-74 år";"1999M08";0.8
"1134 Suldal";"15-74 år";"1999M09";1.3
"1134 Suldal";"15-74 år";"1999M10";1.5
"1134 Suldal";"15-74 år";"1999M11";1.6
"1134 Suldal";"15-74 år";"1999M12";1.6
"1134 Suldal";"15-74 år";"2000M01";1.7
"1134 Suldal";"15-74 år";"2000M02";1.5
"1134 Suldal";"15-74 år";"2000M03";1.9
"1134 Suldal";"15-74 år";"2000M04";1.4
"1134 Suldal";"15-74 år";"2000M05";1.8
"1134 Suldal";"15-74 år";"2000M06";1.5
"1134 Suldal";"15-74 år";"2000M07";1.6
"1134 Suldal";"15-74 år";"2000M08";1.6
"1134 Suldal";"15-74 år";"2000M09";1.7
"1134 Suldal";"15-74 år";"2000M10";1.5
"1134 Suldal";"15-74 år";"2000M11";1.8
"1134 Suldal";"15-74 år";"2000M12";1.6
"1134 Suldal";"15-74 år";"2001M01";2.6
"1134 Suldal";"15-74 år";"2001M02";2.2
"1134 Suldal";"15-74 år";"2001M03";1.9
"1134 Suldal";"15-74 år";"2001M04";1.7
"1134 Suldal";"15-74 år";"2001M05";1.6
"1134 Suldal";"15-74 år";"2001M06";1.9
"1134 Suldal";"15-74 år";"2001M07";1.8
"1134 Suldal";"15-74 år";"2001M08";1.9
"1134 Suldal";"15-74 år";"2001M09";2.2
"1134 Suldal";"15-74 år";"2001M10";2.1
"1134 Suldal";"15-74 år";"2001M11";2.1
"1134 Suldal";"15-74 år";"2001M12";1.4
"1134 Suldal";"15-74 år";"2002M01";1.6
"1134 Suldal";"15-74 år";"2002M02";1.4
"1134 Suldal";"15-74 år";"2002M03";1.4
"1134 Suldal";"15-74 år";"2002M04";2.1
"1134 Suldal";"15-74 år";"2002M05";1.5
"1134 Suldal";"15-74 år";"2002M06";1.6
"1134 Suldal";"15-74 år";"2002M07";1.6
"1134 Suldal";"15-74 år";"2002M08";1.7
"1134 Suldal";"15-74 år";"2002M09";1.7
"1134 Suldal";"15-74 år";"2002M10";1.9
"1134 Suldal";"15-74 år";"2002M11";1.9
"1134 Suldal";"15-74 år";"2002M12";1.8
"1135 Sauda";"15-74 år";"1999M01";4.4
"1135 Sauda";"15-74 år";"1999M02";3.7
"1135 Sauda";"15-74 år";"1999M03";4.0
"1135 Sauda";"15-74 år";"1999M04";3.5
"1135 Sauda";"15-74 år";"1999M05";2.7
"1135 Sauda";"15-74 år";"1999M06";4.1
"1135 Sauda";"15-74 år";"1999M07";3.3
"1135 Sauda";"15-74 år";"1999M08";3.3
"1135 Sauda";"15-74 år";"1999M09";3.2
"1135 Sauda";"15-74 år";"1999M10";4.0
"1135 Sauda";"15-74 år";"1999M11";4.2
"1135 Sauda";"15-74 år";"1999M12";3.9
"1135 Sauda";"15-74 år";"2000M01";4.7
"1135 Sauda";"15-74 år";"2000M02";3.7
"1135 Sauda";"15-74 år";"2000M03";3.7
"1135 Sauda";"15-74 år";"2000M04";3.2
"1135 Sauda";"15-74 år";"2000M05";4.5
"1135 Sauda";"15-74 år";"2000M06";2.8
"1135 Sauda";"15-74 år";"2000M07";2.9
"1135 Sauda";"15-74 år";"2000M08";3.5
"1135 Sauda";"15-74 år";"2000M09";3.2
"1135 Sauda";"15-74 år";"2000M10";3.0
"1135 Sauda";"15-74 år";"2000M11";3.5
"1135 Sauda";"15-74 år";"2000M12";4.2
"1135 Sauda";"15-74 år";"2001M01";4.2
"1135 Sauda";"15-74 år";"2001M02";4.4
"1135 Sauda";"15-74 år";"2001M03";3.8
"1135 Sauda";"15-74 år";"2001M04";3.4
"1135 Sauda";"15-74 år";"2001M05";3.4
"1135 Sauda";"15-74 år";"2001M06";5.9
"1135 Sauda";"15-74 år";"2001M07";3.5
"1135 Sauda";"15-74 år";"2001M08";4.0
"1135 Sauda";"15-74 år";"2001M09";3.7
"1135 Sauda";"15-74 år";"2001M10";3.3
"1135 Sauda";"15-74 år";"2001M11";3.7
"1135 Sauda";"15-74 år";"2001M12";3.9
"1135 Sauda";"15-74 år";"2002M01";4.1
"1135 Sauda";"15-74 år";"2002M02";3.6
"1135 Sauda";"15-74 år";"2002M03";3.4
"1135 Sauda";"15-74 år";"2002M04";3.5
"1135 Sauda";"15-74 år";"2002M05";10.7
"1135 Sauda";"15-74 år";"2002M06";3.7
"1135 Sauda";"15-74 år";"2002M07";3.9
"1135 Sauda";"15-74 år";"2002M08";3.4
"1135 Sauda";"15-74 år";"2002M09";3.4
"1135 Sauda";"15-74 år";"2002M10";3.6
"1135 Sauda";"15-74 år";"2002M11";3.6
"1135 Sauda";"15-74 år";"2002M12";3.3
"1141 Finnøy (-2019)";"15-74 år";"1999M01";0.8
"1141 Finnøy (-2019)";"15-74 år";"1999M02";0.8
"1141 Finnøy (-2019)";"15-74 år";"1999M03";0.8
"1141 Finnøy (-2019)";"15-74 år";"1999M04";0.6
"1141 Finnøy (-2019)";"15-74 år";"1999M05";0.3
"1141 Finnøy (-2019)";"15-74 år";"1999M06";0.4
"1141 Finnøy (-2019)";"15-74 år";"1999M07";0.3
"1141 Finnøy (-2019)";"15-74 år";"1999M08";0.4
"1141 Finnøy (-2019)";"15-74 år";"1999M09";0.6
"1141 Finnøy (-2019)";"15-74 år";"1999M10";0.8
"1141 Finnøy (-2019)";"15-74 år";"1999M11";0.8
"1141 Finnøy (-2019)";"15-74 år";"1999M12";1.2
"1141 Finnøy (-2019)";"15-74 år";"2000M01";1.7
"1141 Finnøy (-2019)";"15-74 år";"2000M02";1.4
"1141 Finnøy (-2019)";"15-74 år";"2000M03";1.0
"1141 Finnøy (-2019)";"15-74 år";"2000M04";1.2
"1141 Finnøy (-2019)";"15-74 år";"2000M05";1.4
"1141 Finnøy (-2019)";"15-74 år";"2000M06";1.1
"1141 Finnøy (-2019)";"15-74 år";"2000M07";1.7
"1141 Finnøy (-2019)";"15-74 år";"2000M08";2.1
"1141 Finnøy (-2019)";"15-74 år";"2000M09";1.7
"1141 Finnøy (-2019)";"15-74 år";"2000M10";1.4
"1141 Finnøy (-2019)";"15-74 år";"2000M11";2.0
"1141 Finnøy (-2019)";"15-74 år";"2000M12";1.6
"1141 Finnøy (-2019)";"15-74 år";"2001M01";1.4
"1141 Finnøy (-2019)";"15-74 år";"2001M02";1.3
"1141 Finnøy (-2019)";"15-74 år";"2001M03";1.1
"1141 Finnøy (-2019)";"15-74 år";"2001M04";1.0
"1141 Finnøy (-2019)";"15-74 år";"2001M05";0.7
"1141 Finnøy (-2019)";"15-74 år";"2001M06";1.0
"1141 Finnøy (-2019)";"15-74 år";"2001M07";1.2
"1141 Finnøy (-2019)";"15-74 år";"2001M08";1.5
"1141 Finnøy (-2019)";"15-74 år";"2001M09";1.2
"1141 Finnøy (-2019)";"15-74 år";"2001M10";1.3
"1141 Finnøy (-2019)";"15-74 år";"2001M11";1.5
"1141 Finnøy (-2019)";"15-74 år";"2001M12";1.4
"1141 Finnøy (-2019)";"15-74 år";"2002M01";1.6
"1141 Finnøy (-2019)";"15-74 år";"2002M02";1.5
"1141 Finnøy (-2019)";"15-74 år";"2002M03";1.2
"1141 Finnøy (-2019)";"15-74 år";"2002M04";1.4
"1141 Finnøy (-2019)";"15-74 år";"2002M05";1.2
"1141 Finnøy (-2019)";"15-74 år";"2002M06";0.8
"1141 Finnøy (-2019)";"15-74 år";"2002M07";1.2
"1141 Finnøy (-2019)";"15-74 år";"2002M08";1.0
"1141 Finnøy (-2019)";"15-74 år";"2002M09";1.3
"1141 Finnøy (-2019)";"15-74 år";"2002M10";1.6
"1141 Finnøy (-2019)";"15-74 år";"2002M11";1.4
"1141 Finnøy (-2019)";"15-74 år";"2002M12";1.5
"1142 Rennesøy (-2019)";"15-74 år";"1999M01";1.2
"1142 Rennesøy (-2019)";"15-74 år";"1999M02";0.9
"1142 Rennesøy (-2019)";"15-74 år";"1999M03";1.1
"1142 Rennesøy (-2019)";"15-74 år";"1999M04";1.2
"1142 Rennesøy (-2019)";"15-74 år";"1999M05";0.8
"1142 Rennesøy (-2019)";"15-74 år";"1999M06";0.7
"1142 Rennesøy (-2019)";"15-74 år";"1999M07";1.2
"1142 Rennesøy (-2019)";"15-74 år";"1999M08";1.3
"1142 Rennesøy (-2019)";"15-74 år";"1999M09";0.9
"1142 Rennesøy (-2019)";"15-74 år";"1999M10";0.8
"1142 Rennesøy (-2019)";"15-74 år";"1999M11";1.1
"1142 Rennesøy (-2019)";"15-74 år";"1999M12";1.1
"1142 Rennesøy (-2019)";"15-74 år";"2000M01";1.7
"1142 Rennesøy (-2019)";"15-74 år";"2000M02";1.1
"1142 Rennesøy (-2019)";"15-74 år";"2000M03";1.3
"1142 Rennesøy (-2019)";"15-74 år";"2000M04";1.9
"1142 Rennesøy (-2019)";"15-74 år";"2000M05";1.4
"1142 Rennesøy (-2019)";"15-74 år";"2000M06";1.7
"1142 Rennesøy (-2019)";"15-74 år";"2000M07";1.3
"1142 Rennesøy (-2019)";"15-74 år";"2000M08";1.4
"1142 Rennesøy (-2019)";"15-74 år";"2000M09";1.3
"1142 Rennesøy (-2019)";"15-74 år";"2000M10";1.7
"1142 Rennesøy (-2019)";"15-74 år";"2000M11";1.5
"1142 Rennesøy (-2019)";"15-74 år";"2000M12";2.1
"1142 Rennesøy (-2019)";"15-74 år";"2001M01";1.8
"1142 Rennesøy (-2019)";"15-74 år";"2001M02";1.6
"1142 Rennesøy (-2019)";"15-74 år";"2001M03";1.5
"1142 Rennesøy (-2019)";"15-74 år";"2001M04";1.3
"1142 Rennesøy (-2019)";"15-74 år";"2001M05";1.0
"1142 Rennesøy (-2019)";"15-74 år";"2001M06";0.8
"1142 Rennesøy (-2019)";"15-74 år";"2001M07";1.2
"1142 Rennesøy (-2019)";"15-74 år";"2001M08";1.2
"1142 Rennesøy (-2019)";"15-74 år";"2001M09";1.4
"1142 Rennesøy (-2019)";"15-74 år";"2001M10";1.6
"1142 Rennesøy (-2019)";"15-74 år";"2001M11";2.0
"1142 Rennesøy (-2019)";"15-74 år";"2001M12";2.1
"1142 Rennesøy (-2019)";"15-74 år";"2002M01";2.8
"1142 Rennesøy (-2019)";"15-74 år";"2002M02";2.6
"1142 Rennesøy (-2019)";"15-74 år";"2002M03";2.1
"1142 Rennesøy (-2019)";"15-74 år";"2002M04";1.6
"1142 Rennesøy (-2019)";"15-74 år";"2002M05";1.3
"1142 Rennesøy (-2019)";"15-74 år";"2002M06";1.4
"1142 Rennesøy (-2019)";"15-74 år";"2002M07";1.8
"1142 Rennesøy (-2019)";"15-74 år";"2002M08";1.6
"1142 Rennesøy (-2019)";"15-74 år";"2002M09";1.5
"1142 Rennesøy (-2019)";"15-74 år";"2002M10";1.6
"1142 Rennesøy (-2019)";"15-74 år";"2002M11";1.6
"1142 Rennesøy (-2019)";"15-74 år";"2002M12";1.6
"1144 Kvitsøy";"15-74 år";"1999M01";1.5
"1144 Kvitsøy";"15-74 år";"1999M02";0.4
"1144 Kvitsøy";"15-74 år";"1999M03";1.5
"1144 Kvitsøy";"15-74 år";"1999M04";1.5
"1144 Kvitsøy";"15-74 år";"1999M05";0.8
"1144 Kvitsøy";"15-74 år";"1999M06";1.1
"1144 Kvitsøy";"15-74 år";"1999M07";1.1
"1144 Kvitsøy";"15-74 år";"1999M08";2.6
"1144 Kvitsøy";"15-74 år";"1999M09";2.3
"1144 Kvitsøy";"15-74 år";"1999M10";1.9
"1144 Kvitsøy";"15-74 år";"1999M11";1.5
"1144 Kvitsøy";"15-74 år";"1999M12";2.6
"1144 Kvitsøy";"15-74 år";"2000M01";2.0
"1144 Kvitsøy";"15-74 år";"2000M02";2.0
"1144 Kvitsøy";"15-74 år";"2000M03";2.4
"1144 Kvitsøy";"15-74 år";"2000M04";2.4
"1144 Kvitsøy";"15-74 år";"2000M05";2.0
"1144 Kvitsøy";"15-74 år";"2000M06";2.0
"1144 Kvitsøy";"15-74 år";"2000M07";1.2
"1144 Kvitsøy";"15-74 år";"2000M08";1.6
"1144 Kvitsøy";"15-74 år";"2000M09";1.6
"1144 Kvitsøy";"15-74 år";"2000M10";3.2
"1144 Kvitsøy";"15-74 år";"2000M11";3.5
"1144 Kvitsøy";"15-74 år";"2000M12";4.3
"1144 Kvitsøy";"15-74 år";"2001M01";3.3
"1144 Kvitsøy";"15-74 år";"2001M02";4.4
"1144 Kvitsøy";"15-74 år";"2001M03";3.3
"1144 Kvitsøy";"15-74 år";"2001M04";2.2
"1144 Kvitsøy";"15-74 år";"2001M05";2.9
"1144 Kvitsøy";"15-74 år";"2001M06";2.6
"1144 Kvitsøy";"15-74 år";"2001M07";2.9
"1144 Kvitsøy";"15-74 år";"2001M08";2.6
"1144 Kvitsøy";"15-74 år";"2001M09";2.6
"1144 Kvitsøy";"15-74 år";"2001M10";2.9
"1144 Kvitsøy";"15-74 år";"2001M11";1.8
"1144 Kvitsøy";"15-74 år";"2001M12";1.8
"1144 Kvitsøy";"15-74 år";"2002M01";2.2
"1144 Kvitsøy";"15-74 år";"2002M02";2.6
"1144 Kvitsøy";"15-74 år";"2002M03";2.6
"1144 Kvitsøy";"15-74 år";"2002M04";3.4
"1144 Kvitsøy";"15-74 år";"2002M05";3.0
"1144 Kvitsøy";"15-74 år";"2002M06";3.0
"1144 Kvitsøy";"15-74 år";"2002M07";2.2
"1144 Kvitsøy";"15-74 år";"2002M08";3.4
"1144 Kvitsøy";"15-74 år";"2002M09";1.9
"1144 Kvitsøy";"15-74 år";"2002M10";2.2
"1144 Kvitsøy";"15-74 år";"2002M11";1.5
"1144 Kvitsøy";"15-74 år";"2002M12";1.5
"1145 Bokn";"15-74 år";"1999M01";0.2
"1145 Bokn";"15-74 år";"1999M02";0.9
"1145 Bokn";"15-74 år";"1999M03";0.2
"1145 Bokn";"15-74 år";"1999M04";0.9
"1145 Bokn";"15-74 år";"1999M05";0.7
"1145 Bokn";"15-74 år";"1999M06";0.7
"1145 Bokn";"15-74 år";"1999M07";0.9
"1145 Bokn";"15-74 år";"1999M08";1.4
"1145 Bokn";"15-74 år";"1999M09";0.9
"1145 Bokn";"15-74 år";"1999M10";2.4
"1145 Bokn";"15-74 år";"1999M11";1.7
"1145 Bokn";"15-74 år";"1999M12";0.9
"1145 Bokn";"15-74 år";"2000M01";4.4
"1145 Bokn";"15-74 år";"2000M02";2.7
"1145 Bokn";"15-74 år";"2000M03";2.4
"1145 Bokn";"15-74 år";"2000M04";2.0
"1145 Bokn";"15-74 år";"2000M05";2.7
"1145 Bokn";"15-74 år";"2000M06";2.4
"1145 Bokn";"15-74 år";"2000M07";2.0
"1145 Bokn";"15-74 år";"2000M08";2.4
"1145 Bokn";"15-74 år";"2000M09";2.4
"1145 Bokn";"15-74 år";"2000M10";2.4
"1145 Bokn";"15-74 år";"2000M11";1.7
"1145 Bokn";"15-74 år";"2000M12";2.2
"1145 Bokn";"15-74 år";"2001M01";2.5
"1145 Bokn";"15-74 år";"2001M02";2.8
"1145 Bokn";"15-74 år";"2001M03";2.5
"1145 Bokn";"15-74 år";"2001M04";2.3
"1145 Bokn";"15-74 år";"2001M05";3.0
"1145 Bokn";"15-74 år";"2001M06";2.3
"1145 Bokn";"15-74 år";"2001M07";2.5
"1145 Bokn";"15-74 år";"2001M08";2.3
"1145 Bokn";"15-74 år";"2001M09";2.0
"1145 Bokn";"15-74 år";"2001M10";2.0
"1145 Bokn";"15-74 år";"2001M11";1.5
"1145 Bokn";"15-74 år";"2001M12";1.8
"1145 Bokn";"15-74 år";"2002M01";2.5
"1145 Bokn";"15-74 år";"2002M02";2.5
"1145 Bokn";"15-74 år";"2002M03";2.3
"1145 Bokn";"15-74 år";"2002M04";1.8
"1145 Bokn";"15-74 år";"2002M05";2.3
"1145 Bokn";"15-74 år";"2002M06";2.0
"1145 Bokn";"15-74 år";"2002M07";2.0
"1145 Bokn";"15-74 år";"2002M08";2.5
"1145 Bokn";"15-74 år";"2002M09";1.8
"1145 Bokn";"15-74 år";"2002M10";2.3
"1145 Bokn";"15-74 år";"2002M11";2.3
"1145 Bokn";"15-74 år";"2002M12";2.5
"1146 Tysvær";"15-74 år";"1999M01";1.5
"1146 Tysvær";"15-74 år";"1999M02";1.5
"1146 Tysvær";"15-74 år";"1999M03";1.3
"1146 Tysvær";"15-74 år";"1999M04";1.3
"1146 Tysvær";"15-74 år";"1999M05";1.0
"1146 Tysvær";"15-74 år";"1999M06";1.3
"1146 Tysvær";"15-74 år";"1999M07";1.9
"1146 Tysvær";"15-74 år";"1999M08";1.9
"1146 Tysvær";"15-74 år";"1999M09";1.8
"1146 Tysvær";"15-74 år";"1999M10";1.8
"1146 Tysvær";"15-74 år";"1999M11";1.8
"1146 Tysvær";"15-74 år";"1999M12";2.3
"1146 Tysvær";"15-74 år";"2000M01";2.7
"1146 Tysvær";"15-74 år";"2000M02";2.7
"1146 Tysvær";"15-74 år";"2000M03";2.8
"1146 Tysvær";"15-74 år";"2000M04";2.8
"1146 Tysvær";"15-74 år";"2000M05";2.8
"1146 Tysvær";"15-74 år";"2000M06";2.9
"1146 Tysvær";"15-74 år";"2000M07";3.2
"1146 Tysvær";"15-74 år";"2000M08";3.2
"1146 Tysvær";"15-74 år";"2000M09";3.0
"1146 Tysvær";"15-74 år";"2000M10";3.2
"1146 Tysvær";"15-74 år";"2000M11";2.9
"1146 Tysvær";"15-74 år";"2000M12";3.0
"1146 Tysvær";"15-74 år";"2001M01";3.7
"1146 Tysvær";"15-74 år";"2001M02";3.5
"1146 Tysvær";"15-74 år";"2001M03";3.0
"1146 Tysvær";"15-74 år";"2001M04";2.8
"1146 Tysvær";"15-74 år";"2001M05";2.6
"1146 Tysvær";"15-74 år";"2001M06";3.0
"1146 Tysvær";"15-74 år";"2001M07";2.9
"1146 Tysvær";"15-74 år";"2001M08";2.7
"1146 Tysvær";"15-74 år";"2001M09";2.6
"1146 Tysvær";"15-74 år";"2001M10";2.7
"1146 Tysvær";"15-74 år";"2001M11";2.9
"1146 Tysvær";"15-74 år";"2001M12";3.1
"1146 Tysvær";"15-74 år";"2002M01";3.6
"1146 Tysvær";"15-74 år";"2002M02";3.2
"1146 Tysvær";"15-74 år";"2002M03";3.3
"1146 Tysvær";"15-74 år";"2002M04";2.8
"1146 Tysvær";"15-74 år";"2002M05";2.5
"1146 Tysvær";"15-74 år";"2002M06";2.6
"1146 Tysvær";"15-74 år";"2002M07";3.2
"1146 Tysvær";"15-74 år";"2002M08";2.8
"1146 Tysvær";"15-74 år";"2002M09";2.6
"1146 Tysvær";"15-74 år";"2002M10";2.7
"1146 Tysvær";"15-74 år";"2002M11";2.7
"1146 Tysvær";"15-74 år";"2002M12";2.8
"1149 Karmøy";"15-74 år";"1999M01";2.7
"1149 Karmøy";"15-74 år";"1999M02";2.5
"1149 Karmøy";"15-74 år";"1999M03";2.5
"1149 Karmøy";"15-74 år";"1999M04";2.4
"1149 Karmøy";"15-74 år";"1999M05";2.0
"1149 Karmøy";"15-74 år";"1999M06";2.4
"1149 Karmøy";"15-74 år";"1999M07";3.0
"1149 Karmøy";"15-74 år";"1999M08";3.2
"1149 Karmøy";"15-74 år";"1999M09";3.4
"1149 Karmøy";"15-74 år";"1999M10";3.4
"1149 Karmøy";"15-74 år";"1999M11";3.4
"1149 Karmøy";"15-74 år";"1999M12";3.6
"1149 Karmøy";"15-74 år";"2000M01";4.3
"1149 Karmøy";"15-74 år";"2000M02";4.1
"1149 Karmøy";"15-74 år";"2000M03";4.0
"1149 Karmøy";"15-74 år";"2000M04";3.5
"1149 Karmøy";"15-74 år";"2000M05";3.6
"1149 Karmøy";"15-74 år";"2000M06";3.5
"1149 Karmøy";"15-74 år";"2000M07";4.1
"1149 Karmøy";"15-74 år";"2000M08";3.8
"1149 Karmøy";"15-74 år";"2000M09";4.1
"1149 Karmøy";"15-74 år";"2000M10";4.3
"1149 Karmøy";"15-74 år";"2000M11";4.5
"1149 Karmøy";"15-74 år";"2000M12";4.4
"1149 Karmøy";"15-74 år";"2001M01";4.9
"1149 Karmøy";"15-74 år";"2001M02";4.5
"1149 Karmøy";"15-74 år";"2001M03";4.1
"1149 Karmøy";"15-74 år";"2001M04";3.8
"1149 Karmøy";"15-74 år";"2001M05";3.4
"1149 Karmøy";"15-74 år";"2001M06";3.7
"1149 Karmøy";"15-74 år";"2001M07";3.8
"1149 Karmøy";"15-74 år";"2001M08";4.3
"1149 Karmøy";"15-74 år";"2001M09";3.8
"1149 Karmøy";"15-74 år";"2001M10";3.8
"1149 Karmøy";"15-74 år";"2001M11";3.7
"1149 Karmøy";"15-74 år";"2001M12";3.9
"1149 Karmøy";"15-74 år";"2002M01";4.7
"1149 Karmøy";"15-74 år";"2002M02";4.2
"1149 Karmøy";"15-74 år";"2002M03";4.0
"1149 Karmøy";"15-74 år";"2002M04";3.8
"1149 Karmøy";"15-74 år";"2002M05";3.6
"1149 Karmøy";"15-74 år";"2002M06";3.9
"1149 Karmøy";"15-74 år";"2002M07";4.4
"1149 Karmøy";"15-74 år";"2002M08";4.2
"1149 Karmøy";"15-74 år";"2002M09";3.8
"1149 Karmøy";"15-74 år";"2002M10";3.9
"1149 Karmøy";"15-74 år";"2002M11";3.7
"1149 Karmøy";"15-74 år";"2002M12";4.1
"1151 Utsira";"15-74 år";"1999M01";0.0
"1151 Utsira";"15-74 år";"1999M02";4.4
"1151 Utsira";"15-74 år";"1999M03";0.0
"1151 Utsira";"15-74 år";"1999M04";0.0
"1151 Utsira";"15-74 år";"1999M05";3.5
"1151 Utsira";"15-74 år";"1999M06";0.0
"1151 Utsira";"15-74 år";"1999M07";5.3
"1151 Utsira";"15-74 år";"1999M08";0.0
"1151 Utsira";"15-74 år";"1999M09";1.8
"1151 Utsira";"15-74 år";"1999M10";0.0
"1151 Utsira";"15-74 år";"1999M11";0.0
"1151 Utsira";"15-74 år";"1999M12";1.8
"1151 Utsira";"15-74 år";"2000M01";2.4
"1151 Utsira";"15-74 år";"2000M02";0.8
"1151 Utsira";"15-74 år";"2000M03";0.0
"1151 Utsira";"15-74 år";"2000M04";2.4
"1151 Utsira";"15-74 år";"2000M05";1.6
"1151 Utsira";"15-74 år";"2000M06";1.6
"1151 Utsira";"15-74 år";"2000M07";5.6
"1151 Utsira";"15-74 år";"2000M08";0.8
"1151 Utsira";"15-74 år";"2000M09";0.8
"1151 Utsira";"15-74 år";"2000M10";0.0
"1151 Utsira";"15-74 år";"2000M11";0.0
"1151 Utsira";"15-74 år";"2000M12";0.0
"1151 Utsira";"15-74 år";"2001M01";1.5
"1151 Utsira";"15-74 år";"2001M02";0.8
"1151 Utsira";"15-74 år";"2001M03";0.8
"1151 Utsira";"15-74 år";"2001M04";0.0
"1151 Utsira";"15-74 år";"2001M05";0.0
"1151 Utsira";"15-74 år";"2001M06";0.0
"1151 Utsira";"15-74 år";"2001M07";2.3
"1151 Utsira";"15-74 år";"2001M08";1.5
"1151 Utsira";"15-74 år";"2001M09";1.5
"1151 Utsira";"15-74 år";"2001M10";2.3
"1151 Utsira";"15-74 år";"2001M11";3.0
"1151 Utsira";"15-74 år";"2001M12";2.3
"1151 Utsira";"15-74 år";"2002M01";3.2
"1151 Utsira";"15-74 år";"2002M02";7.3
"1151 Utsira";"15-74 år";"2002M03";3.2
"1151 Utsira";"15-74 år";"2002M04";7.3
"1151 Utsira";"15-74 år";"2002M05";5.7
"1151 Utsira";"15-74 år";"2002M06";4.8
"1151 Utsira";"15-74 år";"2002M07";4.8
"1151 Utsira";"15-74 år";"2002M08";3.2
"1151 Utsira";"15-74 år";"2002M09";7.3
"1151 Utsira";"15-74 år";"2002M10";5.7
"1151 Utsira";"15-74 år";"2002M11";4.8
"1151 Utsira";"15-74 år";"2002M12";2.4
"1154 Vindafjord (1965-2005)";"15-74 år";"1999M01";1.4
"1154 Vindafjord (1965-2005)";"15-74 år";"1999M02";1.0
"1154 Vindafjord (1965-2005)";"15-74 år";"1999M03";0.9
"1154 Vindafjord (1965-2005)";"15-74 år";"1999M04";0.9
"1154 Vindafjord (1965-2005)";"15-74 år";"1999M05";0.8
"1154 Vindafjord (1965-2005)";"15-74 år";"1999M06";1.3
"1154 Vindafjord (1965-2005)";"15-74 år";"1999M07";1.1
"1154 Vindafjord (1965-2005)";"15-74 år";"1999M08";1.4
"1154 Vindafjord (1965-2005)";"15-74 år";"1999M09";1.2
"1154 Vindafjord (1965-2005)";"15-74 år";"1999M10";1.4
"1154 Vindafjord (1965-2005)";"15-74 år";"1999M11";1.6
"1154 Vindafjord (1965-2005)";"15-74 år";"1999M12";2.1
"1154 Vindafjord (1965-2005)";"15-74 år";"2000M01";2.2
"1154 Vindafjord (1965-2005)";"15-74 år";"2000M02";2.5
"1154 Vindafjord (1965-2005)";"15-74 år";"2000M03";1.8
"1154 Vindafjord (1965-2005)";"15-74 år";"2000M04";1.8
"1154 Vindafjord (1965-2005)";"15-74 år";"2000M05";1.8
"1154 Vindafjord (1965-2005)";"15-74 år";"2000M06";1.5
"1154 Vindafjord (1965-2005)";"15-74 år";"2000M07";1.4
"1154 Vindafjord (1965-2005)";"15-74 år";"2000M08";1.8
"1154 Vindafjord (1965-2005)";"15-74 år";"2000M09";1.5
"1154 Vindafjord (1965-2005)";"15-74 år";"2000M10";1.3
"1154 Vindafjord (1965-2005)";"15-74 år";"2000M11";1.7
"1154 Vindafjord (1965-2005)";"15-74 år";"2000M12";1.9
"1154 Vindafjord (1965-2005)";"15-74 år";"2001M01";2.3
"1154 Vindafjord (1965-2005)";"15-74 år";"2001M02";1.6
"1154 Vindafjord (1965-2005)";"15-74 år";"2001M03";1.2
"1154 Vindafjord (1965-2005)";"15-74 år";"2001M04";1.1
"1154 Vindafjord (1965-2005)";"15-74 år";"2001M05";1.0
"1154 Vindafjord (1965-2005)";"15-74 år";"2001M06";0.9
"1154 Vindafjord (1965-2005)";"15-74 år";"2001M07";1.0
"1154 Vindafjord (1965-2005)";"15-74 år";"2001M08";1.2
"1154 Vindafjord (1965-2005)";"15-74 år";"2001M09";1.2
"1154 Vindafjord (1965-2005)";"15-74 år";"2001M10";1.1
"1154 Vindafjord (1965-2005)";"15-74 år";"2001M11";1.2
"1154 Vindafjord (1965-2005)";"15-74 år";"2001M12";1.5
"1154 Vindafjord (1965-2005)";"15-74 år";"2002M01";1.8
"1154 Vindafjord (1965-2005)";"15-74 år";"2002M02";1.4
"1154 Vindafjord (1965-2005)";"15-74 år";"2002M03";1.6
"1154 Vindafjord (1965-2005)";"15-74 år";"2002M04";1.4
"1154 Vindafjord (1965-2005)";"15-74 år";"2002M05";1.3
"1154 Vindafjord (1965-2005)";"15-74 år";"2002M06";1.3
"1154 Vindafjord (1965-2005)";"15-74 år";"2002M07";1.4
"1154 Vindafjord (1965-2005)";"15-74 år";"2002M08";1.5
"1154 Vindafjord (1965-2005)";"15-74 år";"2002M09";1.5
"1154 Vindafjord (1965-2005)";"15-74 år";"2002M10";1.3
"1154 Vindafjord (1965-2005)";"15-74 år";"2002M11";1.5
"1154 Vindafjord (1965-2005)";"15-74 år";"2002M12";1.3
"1159 Ølen (2002-2005)";"15-74 år";"1999M01";.
"1159 Ølen (2002-2005)";"15-74 år";"1999M02";.
"1159 Ølen (2002-2005)";"15-74 år";"1999M03";.
"1159 Ølen (2002-2005)";"15-74 år";"1999M04";.
"1159 Ølen (2002-2005)";"15-74 år";"1999M05";.
"1159 Ølen (2002-2005)";"15-74 år";"1999M06";.
"1159 Ølen (2002-2005)";"15-74 år";"1999M07";.
"1159 Ølen (2002-2005)";"15-74 år";"1999M08";.
"1159 Ølen (2002-2005)";"15-74 år";"1999M09";.
"1159 Ølen (2002-2005)";"15-74 år";"1999M10";.
"1159 Ølen (2002-2005)";"15-74 år";"1999M11";.
"1159 Ølen (2002-2005)";"15-74 år";"1999M12";.
"1159 Ølen (2002-2005)";"15-74 år";"2000M01";.
"1159 Ølen (2002-2005)";"15-74 år";"2000M02";.
"1159 Ølen (2002-2005)";"15-74 år";"2000M03";.
"1159 Ølen (2002-2005)";"15-74 år";"2000M04";.
"1159 Ølen (2002-2005)";"15-74 år";"2000M05";.
"1159 Ølen (2002-2005)";"15-74 år";"2000M06";.
"1159 Ølen (2002-2005)";"15-74 år";"2000M07";.
"1159 Ølen (2002-2005)";"15-74 år";"2000M08";.
"1159 Ølen (2002-2005)";"15-74 år";"2000M09";.
"1159 Ølen (2002-2005)";"15-74 år";"2000M10";.
"1159 Ølen (2002-2005)";"15-74 år";"2000M11";.
"1159 Ølen (2002-2005)";"15-74 år";"2000M12";.
"1159 Ølen (2002-2005)";"15-74 år";"2001M01";.
"1159 Ølen (2002-2005)";"15-74 år";"2001M02";.
"1159 Ølen (2002-2005)";"15-74 år";"2001M03";.
"1159 Ølen (2002-2005)";"15-74 år";"2001M04";.
"1159 Ølen (2002-2005)";"15-74 år";"2001M05";.
"1159 Ølen (2002-2005)";"15-74 år";"2001M06";.
"1159 Ølen (2002-2005)";"15-74 år";"2001M07";.
"1159 Ølen (2002-2005)";"15-74 år";"2001M08";.
"1159 Ølen (2002-2005)";"15-74 år";"2001M09";.
"1159 Ølen (2002-2005)";"15-74 år";"2001M10";.
"1159 Ølen (2002-2005)";"15-74 år";"2001M11";.
"1159 Ølen (2002-2005)";"15-74 år";"2001M12";.
"1159 Ølen (2002-2005)";"15-74 år";"2002M01";0.0
"1159 Ølen (2002-2005)";"15-74 år";"2002M02";0.0
"1159 Ølen (2002-2005)";"15-74 år";"2002M03";0.0
"1159 Ølen (2002-2005)";"15-74 år";"2002M04";0.0
"1159 Ølen (2002-2005)";"15-74 år";"2002M05";0.0
"1159 Ølen (2002-2005)";"15-74 år";"2002M06";0.0
"1159 Ølen (2002-2005)";"15-74 år";"2002M07";0.0
"1159 Ølen (2002-2005)";"15-74 år";"2002M08";0.0
"1159 Ølen (2002-2005)";"15-74 år";"2002M09";0.0
"1159 Ølen (2002-2005)";"15-74 år";"2002M10";0.0
"1159 Ølen (2002-2005)";"15-74 år";"2002M11";0.0
"1159 Ølen (2002-2005)";"15-74 år";"2002M12";0.0
"1160 Vindafjord";"15-74 år";"1999M01";.
"1160 Vindafjord";"15-74 år";"1999M02";.
"1160 Vindafjord";"15-74 år";"1999M03";.
"1160 Vindafjord";"15-74 år";"1999M04";.
"1160 Vindafjord";"15-74 år";"1999M05";.
"1160 Vindafjord";"15-74 år";"1999M06";.
"1160 Vindafjord";"15-74 år";"1999M07";.
"1160 Vindafjord";"15-74 år";"1999M08";.
"1160 Vindafjord";"15-74 år";"1999M09";.
"1160 Vindafjord";"15-74 år";"1999M10";.
"1160 Vindafjord";"15-74 år";"1999M11";.
"1160 Vindafjord";"15-74 år";"1999M12";.
"1160 Vindafjord";"15-74 år";"2000M01";.
"1160 Vindafjord";"15-74 år";"2000M02";.
"1160 Vindafjord";"15-74 år";"2000M03";.
"1160 Vindafjord";"15-74 år";"2000M04";.
"1160 Vindafjord";"15-74 år";"2000M05";.
"1160 Vindafjord";"15-74 år";"2000M06";.
"1160 Vindafjord";"15-74 år";"2000M07";.
"1160 Vindafjord";"15-74 år";"2000M08";.
"1160 Vindafjord";"15-74 år";"2000M09";.
"1160 Vindafjord";"15-74 år";"2000M10";.
"1160 Vindafjord";"15-74 år";"2000M11";.
"1160 Vindafjord";"15-74 år";"2000M12";.
"1160 Vindafjord";"15-74 år";"2001M01";.
"1160 Vindafjord";"15-74 år";"2001M02";.
"1160 Vindafjord";"15-74 år";"2001M03";.
"1160 Vindafjord";"15-74 år";"2001M04";.
"1160 Vindafjord";"15-74 år";"2001M05";.
"1160 Vindafjord";"15-74 år";"2001M06";.
"1160 Vindafjord";"15-74 år";"2001M07";.
"1160 Vindafjord";"15-74 år";"2001M08";.
"1160 Vindafjord";"15-74 år";"2001M09";.
"1160 Vindafjord";"15-74 år";"2001M10";.
"1160 Vindafjord";"15-74 år";"2001M11";.
"1160 Vindafjord";"15-74 år";"2001M12";.
"1160 Vindafjord";"15-74 år";"2002M01";.
"1160 Vindafjord";"15-74 år";"2002M02";.
"1160 Vindafjord";"15-74 år";"2002M03";.
"1160 Vindafjord";"15-74 år";"2002M04";.
"1160 Vindafjord";"15-74 år";"2002M05";.
"1160 Vindafjord";"15-74 år";"2002M06";.
"1160 Vindafjord";"15-74 år";"2002M07";.
"1160 Vindafjord";"15-74 år";"2002M08";.
"1160 Vindafjord";"15-74 år";"2002M09";.
"1160 Vindafjord";"15-74 år";"2002M10";.
"1160 Vindafjord";"15-74 år";"2002M11";.
"1160 Vindafjord";"15-74 år";"2002M12";.
"1199 Uoppgitt kommune Rogaland";"15-74 år";"1999M01";.
"1199 Uoppgitt kommune Rogaland";"15-74 år";"1999M02";.
"1199 Uoppgitt kommune Rogaland";"15-74 år";"1999M03";.
"1199 Uoppgitt kommune Rogaland";"15-74 år";"1999M04";.
"1199 Uoppgitt kommune Rogaland";"15-74 år";"1999M05";.
"1199 Uoppgitt kommune Rogaland";"15-74 år";"1999M06";.
"1199 Uoppgitt kommune Rogaland";"15-74 år";"1999M07";.
"1199 Uoppgitt kommune Rogaland";"15-74 år";"1999M08";.
"1199 Uoppgitt kommune Rogaland";"15-74 år";"1999M09";.
"1199 Uoppgitt kommune Rogaland";"15-74 år";"1999M10";.
"1199 Uoppgitt kommune Rogaland";"15-74 år";"1999M11";.
"1199 Uoppgitt kommune Rogaland";"15-74 år";"1999M12";.
"1199 Uoppgitt kommune Rogaland";"15-74 år";"2000M01";.
"1199 Uoppgitt kommune Rogaland";"15-74 år";"2000M02";.
"1199 Uoppgitt kommune Rogaland";"15-74 år";"2000M03";.
"1199 Uoppgitt kommune Rogaland";"15-74 år";"2000M04";.
"1199 Uoppgitt kommune Rogaland";"15-74 år";"2000M05";.
"1199 Uoppgitt kommune Rogaland";"15-74 år";"2000M06";.
"1199 Uoppgitt kommune Rogaland";"15-74 år";"2000M07";.
"1199 Uoppgitt kommune Rogaland";"15-74 år";"2000M08";.
"1199 Uoppgitt kommune Rogaland";"15-74 år";"2000M09";.
"1199 Uoppgitt kommune Rogaland";"15-74 år";"2000M10";.
"1199 Uoppgitt kommune Rogaland";"15-74 år";"2000M11";.
"1199 Uoppgitt kommune Rogaland";"15-74 år";"2000M12";.
"1199 Uoppgitt kommune Rogaland";"15-74 år";"2001M01";.
"1199 Uoppgitt kommune Rogaland";"15-74 år";"2001M02";.
"1199 Uoppgitt kommune Rogaland";"15-74 år";"2001M03";.
"1199 Uoppgitt kommune Rogaland";"15-74 år";"2001M04";.
"1199 Uoppgitt kommune Rogaland";"15-74 år";"2001M05";.
"1199 Uoppgitt kommune Rogaland";"15-74 år";"2001M06";.
"1199 Uoppgitt kommune Rogaland";"15-74 år";"2001M07";.
"1199 Uoppgitt kommune Rogaland";"15-74 år";"2001M08";.
"1199 Uoppgitt kommune Rogaland";"15-74 år";"2001M09";.
"1199 Uoppgitt kommune Rogaland";"15-74 år";"2001M10";.
"1199 Uoppgitt kommune Rogaland";"15-74 år";"2001M11";.
"1199 Uoppgitt kommune Rogaland";"15-74 år";"2001M12";.
"1199 Uoppgitt kommune Rogaland";"15-74 år";"2002M01";.
"1199 Uoppgitt kommune Rogaland";"15-74 år";"2002M02";.
"1199 Uoppgitt kommune Rogaland";"15-74 år";"2002M03";.
"1199 Uoppgitt kommune Rogaland";"15-74 år";"2002M04";.
"1199 Uoppgitt kommune Rogaland";"15-74 år";"2002M05";.
"1199 Uoppgitt kommune Rogaland";"15-74 år";"2002M06";.
"1199 Uoppgitt kommune Rogaland";"15-74 år";"2002M07";.
"1199 Uoppgitt kommune Rogaland";"15-74 år";"2002M08";.
"1199 Uoppgitt kommune Rogaland";"15-74 år";"2002M09";.
"1199 Uoppgitt kommune Rogaland";"15-74 år";"2002M10";.
"1199 Uoppgitt kommune Rogaland";"15-74 år";"2002M11";.
"1199 Uoppgitt kommune Rogaland";"15-74 år";"2002M12";.
